;fecha0;fecha1;fecha2;fecha3;fecha4;fecha5;fecha6;fecha7;fecha8
america;0.35;0.1985;0.186605;0.18578;0.185788;0.185697;0.185729;0.185717;0.185722
millonarios;0.25;0.2775;0.284675;0.281693;0.282822;0.282416;0.282561;0.282509;0.282528
nacional;0.3;0.2215;0.235745;0.233913;0.234482;0.234291;0.234359;0.234334;0.234343
santafe;0.1;0.3025;0.292975;0.298817;0.296908;0.297595;0.297351;0.297439;0.297407
